Id,m1
StatusCode,Complete
Messages,
Full label,eu-west-2:AWS/EC2 AutoScalingGroupName:medicore-application-asg CPUUtilization Average 300
Label,CPUUtilization
2026/08/19 12:45:00,0.00337120539089125
2026/08/19 12:50:00,2.6974732216975346
2026/08/19 12:55:00,0.22915664979090952
2026/08/19 13:00:00,0.1941395482429557
2026/08/19 13:05:00,0.6460404376265096
2026/08/19 13:10:00,0.16666965980446333
2026/08/19 13:15:00,0.27818621401187754
2026/08/19 13:20:00,0.17170484788512166
2026/08/19 13:25:00,0.18418101072389384
2026/08/19 13:30:00,0.26491168179062496
2026/08/19 13:35:00,0.15335389309040798
2026/08/19 13:40:00,0.15332527755951075
2026/08/19 13:45:00,0.15833342541707235
2026/08/19 13:50:00,0.1641504688555408
2026/08/19 13:55:00,0.14669366567260544
2026/08/19 14:00:00,0.16414562494457208
2026/08/19 14:05:00,0.15083066872418252
2026/08/19 14:10:00,0.1566636659064063
2026/08/19 14:15:00,0.16502391894450963
2026/08/19 14:20:00,0.17247375301081955
2026/08/19 14:25:00,0.15083647305635067
2026/08/19 14:30:00,0.15918167275742393
2026/08/19 14:35:00,0.15246875214949135
2026/08/19 14:40:00,0.158350783325522
2026/08/19 14:45:00,0.14748843497418446
2026/08/19 14:50:00,0.16002455384077305
2026/08/19 14:55:00,0.14664491191607368
2026/08/19 15:00:00,0.16000872533789207
2026/08/19 15:05:00,0.1516736466543946
2026/08/19 15:10:00,0.15499886702324725
2026/08/19 15:15:00,0.15084806769819098
2026/08/19 15:20:00,0.16915564414096534
2026/08/19 15:25:00,0.1458177642031378
2026/08/19 15:30:00,0.15499920870532433
2026/08/19 15:35:00,0.1483448161412982
2026/08/19 15:40:00,0.7233268188567623
2026/08/19 15:45:00,0.15084646820052416
2026/08/19 15:50:00,0.154984036912254
2026/08/19 15:55:00,0.14917995395203754
2026/08/19 16:00:00,0.15413963590517338
2026/08/19 16:05:00,0.14249936631746596
2026/08/19 16:10:00,0.15085330035902442
2026/08/19 16:15:00,0.15001182403298546
2026/08/19 16:20:00,0.14999534398413616
2026/08/19 16:25:00,0.15748142863671016
2026/08/19 16:30:00,0.15916317180271858
2026/08/19 16:35:00,0.14668209778311378
2026/08/19 16:40:00,0.1508152121376054
2026/08/19 16:45:00,0.14584628964042823
2026/08/19 16:50:00,0.15248200177140414
2026/08/19 16:55:00,0.14167798640264534
2026/08/19 17:00:00,0.16416494341265825
2026/08/19 17:05:00,0.1391677147143741
2026/08/19 17:10:00,0.14998944543116544
2026/08/19 17:15:00,0.14833484642214162
2026/08/19 17:20:00,0.15081548469053235
2026/08/19 17:25:00,0.14166641830905674
2026/08/19 17:30:00,0.1608417549953147
2026/08/19 17:35:00,0.14166665080463753
2026/08/19 17:40:00,0.14998785748889526
2026/08/19 17:45:00,0.14251030345530794
2026/08/19 17:50:00,0.1541752936560244
2026/08/19 17:55:00,0.1658216421761862
2026/08/19 18:00:00,0.15250097818647038
2026/08/19 18:05:00,0.20667100435269842
2026/08/19 18:10:00,0.14999623409811363
2026/08/19 18:15:00,0.14667219025824643
2026/08/19 18:20:00,0.14998742740742319
2026/08/19 18:25:00,0.14249938855902217
2026/08/19 18:30:00,0.1608365272997215
2026/08/19 18:35:00,0.14585537370856957
2026/08/19 18:40:00,0.14666281946246768
2026/08/19 18:45:00,0.15664082775505248
2026/08/19 18:50:00,0.14749964331239268
2026/08/19 18:55:00,0.13583388791738243
2026/08/19 19:00:00,0.15502714538181403
2026/08/19 19:05:00,0.18496065443907908
2026/08/19 19:10:00,0.1583365085345909
2026/08/19 19:15:00,0.15083476454585595
2026/08/19 19:20:00,0.1583370975748669
2026/08/19 19:25:00,0.1441633428366579
2026/08/19 19:30:00,0.1491552493753814
2026/08/19 19:35:00,0.1433576871892779
2026/08/19 19:40:00,0.15332037559335218
2026/08/19 19:45:00,0.1425121107199147
2026/08/19 19:50:00,0.1491565342420711
2026/08/19 19:55:00,0.15334825894690612
2026/08/19 20:00:00,0.15914559660309896
2026/08/19 20:05:00,0.14999717281862485
2026/08/19 20:10:00,0.15083330982185436
2026/08/19 20:15:00,0.14331838626801202
2026/08/19 20:20:00,0.1616808870822345
2026/08/19 20:25:00,0.6886355454700505
2026/08/19 20:30:00,0.5066158989397588
2026/08/19 20:35:00,0.1408578028204363
2026/08/19 20:40:00,0.38789991180102007
2026/08/19 20:45:00,0.14832390676421844
2026/08/19 20:50:00,0.14424655468285077
2026/08/19 20:55:00,0.23175446865975938
2026/08/19 21:00:00,0.14500151036150186
2026/08/19 21:05:00,0.16250269768820172
2026/08/19 21:10:00,0.13999579403153226
2026/08/19 21:15:00,0.5478157379579998
2026/08/19 21:20:00,0.13832424173216856
2026/08/19 21:25:00,0.2122132210377255
2026/08/19 21:30:00,1.223217963851207
2026/08/19 21:35:00,0.1549759458092791
2026/08/19 21:40:00,0.14832254913946036
2026/08/19 21:45:00,0.6700276247587775
2026/08/19 21:50:00,0.14915444293434904
2026/08/19 21:55:00,0.12916896786286206
2026/08/19 22:00:00,0.13583325284186348
2026/08/19 22:05:00,0.12998820401430328
2026/08/19 22:10:00,0.5561907907801452
2026/08/19 22:15:00,0.12750087350871375
2026/08/19 22:20:00,0.23834628268637564
2026/08/19 22:25:00,0.13918918714144685
2026/08/19 22:30:00,0.12498743264998469
2026/08/19 22:35:00,0.14247046011628212
2026/08/19 22:40:00,0.11914599646211241
2026/08/19 22:45:00,0.10334274296520365
2026/08/19 22:50:00,0.11001614538795583
2026/08/19 22:55:00,0.10416665582618574
2026/08/19 23:00:00,0.11497921315770872
2026/08/19 23:05:00,0.11085425032501703
2026/08/19 23:10:00,0.1174749450502319
2026/08/19 23:15:00,0.10751518455735272
2026/08/19 23:20:00,0.11084088182043894
2026/08/19 23:25:00,0.11248334487830658
2026/08/19 23:30:00,0.11167403343442954
2026/08/19 23:35:00,0.1041577440271669
2026/08/19 23:40:00,0.10834673001339663
2026/08/19 23:45:00,0.10750586526418451
2026/08/19 23:50:00,0.10916340417034945
2026/08/19 23:55:00,0.10166651389217121
2026/08/20 00:00:00,0.13250023854331222
2026/08/20 00:05:00,0.11330483337535868
2026/08/20 00:10:00,0.12166614320506326
2026/08/20 00:15:00,0.10750747669270992
2026/08/20 00:20:00,0.10833924380703805
2026/08/20 00:25:00,0.12162845883259336
2026/08/20 00:30:00,0.12083886774786443
2026/08/20 00:35:00,0.1025073413020126
2026/08/20 00:40:00,0.1100012728826214
2026/08/20 00:45:00,0.10000058410786745
2026/08/20 00:50:00,0.11333244584284521
2026/08/20 00:55:00,0.11333492157873712
2026/08/20 01:00:00,0.11999566358290448
2026/08/20 01:05:00,0.10332316191566408
2026/08/20 01:10:00,0.11032331156553501
2026/08/20 01:15:00,0.10416414627295581
2026/08/20 01:20:00,0.10999287562813309
2026/08/20 01:25:00,0.1016864632206647
2026/08/20 01:30:00,0.1141459091068104
2026/08/20 01:35:00,0.10085388517093408
2026/08/20 01:40:00,0.12000001904240018
2026/08/20 01:45:00,0.10332601441456805
2026/08/20 01:50:00,0.10749494561829051
2026/08/20 01:55:00,0.11166754391441043
2026/08/20 02:00:00,0.11084468658072215
2026/08/20 02:05:00,0.10500406673907166
2026/08/20 02:10:00,0.109152801900458
2026/08/20 02:15:00,0.10500267849801337
2026/08/20 02:20:00,0.1091712584138699
2026/08/20 02:25:00,0.09832904072121906
2026/08/20 02:30:00,0.10917113846105486
2026/08/20 02:35:00,0.10250513859410129
2026/08/20 02:40:00,0.10749999999999997
2026/08/20 02:45:00,0.10832240874498822
2026/08/20 02:50:00,0.11750729352255632
2026/08/20 02:55:00,0.15498805455660739
2026/08/20 03:00:00,0.12749944028091714
2026/08/20 03:05:00,0.6565735643061417
2026/08/20 03:10:00,0.12165117500287177
2026/08/20 03:15:00,0.106669285871741
2026/08/20 03:20:00,0.10750936228208233
2026/08/20 03:25:00,0.10750806666313746
2026/08/20 03:30:00,0.10999575694164967
2026/08/20 03:35:00,0.11083203402383068
2026/08/20 03:40:00,0.10916749286385319
2026/08/20 03:45:00,0.1008328003135311
2026/08/20 03:50:00,0.10667394671941459
2026/08/20 03:55:00,0.10499356199379664
2026/08/20 04:00:00,0.11084056325706329
2026/08/20 04:05:00,0.0999901172119934
2026/08/20 04:10:00,0.10585138075665854
2026/08/20 04:15:00,0.10416426399628442
2026/08/20 04:20:00,0.10749564377805047
2026/08/20 04:25:00,0.10916510409731098
2026/08/20 04:30:00,0.1133286964690305
2026/08/20 04:35:00,0.11166931156315858
2026/08/20 04:40:00,0.11666778907975361
2026/08/20 04:45:00,0.10333833910859266
2026/08/20 04:50:00,0.10750852310053913
2026/08/20 04:55:00,0.1041688327552206
2026/08/20 05:00:00,0.10748332907618552
2026/08/20 05:05:00,0.10834290184217218
2026/08/20 05:10:00,0.13080289001214224
2026/08/20 05:15:00,0.10333632445680134
2026/08/20 05:20:00,0.11334347669192077
2026/08/20 05:25:00,0.09999122657221789
2026/08/20 05:30:00,0.10750436181205696
2026/08/20 05:35:00,0.10249651717475497
2026/08/20 05:40:00,0.10665679863619622
2026/08/20 05:45:00,0.10168155928738339
2026/08/20 05:50:00,0.10916602255169101
2026/08/20 05:55:00,0.11667869584460284
2026/08/20 06:00:00,0.1058202765446663
2026/08/20 06:05:00,0.10165948708090802
2026/08/20 06:10:00,0.10752299694628187
2026/08/20 06:15:00,0.10249080943474438
2026/08/20 06:20:00,0.11083263356195905
2026/08/20 06:25:00,0.1066741635717923
2026/08/20 06:30:00,0.11582848343394789
2026/08/20 06:35:00,0.11747582808646204
2026/08/20 06:40:00,0.11836414865668725
2026/08/20 06:45:00,0.4621295606329273
2026/08/20 06:50:00,0.15088875518500056
2026/08/20 06:55:00,0.5203889274835223
2026/08/20 07:00:00,0.10747614217326791
2026/08/20 07:05:00,0.11502406880149758
2026/08/20 07:10:00,0.11416919304381076
2026/08/20 07:15:00,0.10499838700240069
2026/08/20 07:20:00,0.10831274028961797
2026/08/20 07:25:00,0.09834034004134334
2026/08/20 07:30:00,0.11084918252047878
2026/08/20 07:35:00,0.10248579345974436
2026/08/20 07:40:00,0.1308490702969847
2026/08/20 07:45:00,0.1158043609038351
2026/08/20 07:50:00,0.1100218228802049
2026/08/20 07:55:00,0.1074892563185611
2026/08/20 08:00:00,0.10999468903475507
2026/08/20 08:05:00,0.10167956802687039
2026/08/20 08:10:00,0.24760062711438566
2026/08/20 08:15:00,0.13084555119531896
2026/08/20 08:20:00,0.11000744646257657
2026/08/20 08:25:00,0.10166293220626173
2026/08/20 08:30:00,0.11418025331282425
2026/08/20 08:35:00,0.2724735730263253
2026/08/20 08:40:00,0.1516907941839095
2026/08/20 08:45:00,0.10414687339405497
2026/08/20 08:50:00,0.23013941932970722
2026/08/20 08:55:00,0.11331893374102178
2026/08/20 09:00:00,0.11250258060521623
2026/08/20 09:05:00,0.13753147288574968
2026/08/20 09:10:00,0.12334661831707852
2026/08/20 09:15:00,0.1358196696284125
2026/08/20 09:20:00,0.12167797047925619
2026/08/20 09:25:00,0.10247886563582613
2026/08/20 09:30:00,0.106682224858723
2026/08/20 09:35:00,0.11584541502329167
2026/08/20 09:40:00,0.11333266100025693
2026/08/20 09:45:00,0.10918294669757563
2026/08/20 09:50:00,0.10916653973590626
2026/08/20 09:55:00,0.11249919164492413
2026/08/20 10:00:00,0.11165319065716939
2026/08/20 10:05:00,0.10416982971926521
2026/08/20 10:10:00,0.10834420443468576
2026/08/20 10:15:00,0.10665678751204048
2026/08/20 10:20:00,0.11083153503523972
2026/08/20 10:25:00,0.12082524173569223
2026/08/20 10:30:00,0.10833801312942386
2026/08/20 10:35:00,0.10500083011453379
2026/08/20 10:40:00,0.10668141813656598
2026/08/20 10:45:00,0.1124968777714089
2026/08/20 10:50:00,0.123329244482033
2026/08/20 10:55:00,0.10415463097433293
2026/08/20 11:00:00,0.12833632626216376
2026/08/20 11:05:00,0.10416662374115268
2026/08/20 11:10:00,0.11169113597424847
2026/08/20 11:15:00,0.10498709942996054
2026/08/20 11:20:00,0.10833390716431332
2026/08/20 11:25:00,0.10500318631622371
2026/08/20 11:30:00,0.11166484652951254
2026/08/20 11:35:00,0.10167416820475006
2026/08/20 11:40:00,0.11333081970427109
2026/08/20 11:45:00,0.10249345442418734
2026/08/20 11:50:00,0.1174919777605257
2026/08/20 11:55:00,0.11334257020039848
2026/08/20 12:00:00,0.11082410350483578
2026/08/20 12:05:00,0.2933374808788155
2026/08/20 12:10:00,0.12584066175440492
2026/08/20 12:15:00,0.10417581020533255
2026/08/20 12:20:00,0.11166662334644537
2026/08/20 12:25:00,0.10248694137240781
2026/08/20 12:30:00,0.10668152177881036
2026/08/20 12:35:00,0.10498631720097813
2026/08/20 12:40:00,0.11833979272829913
2026/08/20 12:45:00,0.104166220700462
2026/08/20 12:50:00,0.12000908170999451
2026/08/20 12:55:00,0.10833152911604871
2026/08/20 13:00:00,0.10833589053753712
2026/08/20 13:05:00,0.10166099465682273
2026/08/20 13:10:00,0.10834338143345401
2026/08/20 13:15:00,0.10498342251865031
2026/08/20 13:20:00,0.1191897745243341
2026/08/20 13:25:00,0.10914460199384471
2026/08/20 13:30:00,0.11000110809778008
2026/08/20 13:35:00,0.11503180787335814
2026/08/20 13:40:00,0.11250272110041737
2026/08/20 13:45:00,0.10165541644689577
2026/08/20 13:50:00,0.11082218862693338
2026/08/20 13:55:00,0.10168069168217282
2026/08/20 14:00:00,0.11083273450689499
2026/08/20 14:05:00,0.10500104909229738
2026/08/20 14:10:00,0.6678879620524126
2026/08/20 14:15:00,0.10583415201643846
2026/08/20 14:20:00,0.10915030992945454
2026/08/20 14:25:00,0.11166259734997819
2026/08/20 14:30:00,0.10999292061773329
2026/08/20 14:35:00,0.1016752298505135
2026/08/20 14:40:00,0.1116777428805075
2026/08/20 14:45:00,0.10167506193643272
2026/08/20 14:50:00,0.14744184756854076
2026/08/20 14:55:00,0.12584049600485597
2026/08/20 15:00:00,0.10916196233348426
2026/08/20 15:05:00,0.6243320176054811
2026/08/20 15:10:00,0.18413490079255942
2026/08/20 15:15:00,0.1525171440935599
2026/08/20 15:20:00,0.157493905762828
2026/08/20 15:25:00,0.14917187760110068
2026/08/20 15:30:00,0.5599996087893357
2026/08/20 15:35:00,0.13666564228628011
2026/08/20 15:40:00,0.24084730499753756
2026/08/20 15:45:00,0.14998614452597972
2026/08/20 15:50:00,0.14583399762335078
2026/08/20 15:55:00,0.13501416649334447
2026/08/20 16:00:00,0.1383153467671437
2026/08/20 16:05:00,0.14000086056468528
2026/08/20 16:10:00,0.14166888782760734
2026/08/20 16:15:00,0.13918184617848994
2026/08/20 16:20:00,0.13748446429297312
2026/08/20 16:25:00,0.1308456837877784
2026/08/20 16:30:00,0.1366610937359743
2026/08/20 16:35:00,0.13583338293337807
2026/08/20 16:40:00,0.1658333322422122
2026/08/20 16:45:00,0.14581971475018923
2026/08/20 16:50:00,0.14499956619977167
2026/08/20 16:55:00,0.12998700521323453
2026/08/20 17:00:00,0.13668437446680057
2026/08/20 17:05:00,0.12751031736684693
2026/08/20 17:10:00,0.13915353761541158
2026/08/20 17:15:00,0.14084195715790795
2026/08/20 17:20:00,0.14416523745284196
2026/08/20 17:25:00,0.13001293784568185
2026/08/20 17:30:00,0.13582650691094816
2026/08/20 17:35:00,0.1358377997829876
2026/08/20 17:40:00,0.2007738031517797
2026/08/20 17:45:00,0.12830930971947554
2026/08/20 17:50:00,0.13584866607121648
2026/08/20 17:55:00,0.13084455614893145
2026/08/20 18:00:00,0.13998811696416621
2026/08/20 18:05:00,0.12999801370332054
2026/08/20 18:10:00,0.13667866714202742
2026/08/20 18:15:00,0.13415775080996659
2026/08/20 18:20:00,0.13501428443657038
2026/08/20 18:25:00,0.1316543259157767
2026/08/20 18:30:00,0.18083586079347022
2026/08/20 18:35:00,0.13917894846183052
2026/08/20 18:40:00,0.13416668669631132
2026/08/20 18:45:00,0.13000036115463
2026/08/20 18:50:00,0.13416388766695977
2026/08/20 18:55:00,0.13832845050500078
2026/08/20 19:00:00,0.1341654092977363
2026/08/20 19:05:00,0.16748940596419964
2026/08/20 19:10:00,0.14166877533825922
2026/08/20 19:15:00,0.1383208285077043
2026/08/20 19:20:00,0.13583799221646758
2026/08/20 19:25:00,0.1275118472326971
2026/08/20 19:30:00,0.1458445357101892
2026/08/20 19:35:00,0.12749868334632555
2026/08/20 19:40:00,0.13666882466905259
2026/08/20 19:45:00,0.14083189882820718
2026/08/20 19:50:00,0.1400000894891354
2026/08/20 19:55:00,0.1291669097069607
2026/08/20 20:00:00,0.14499971448566307
2026/08/20 20:05:00,0.1283227173638577
2026/08/20 20:10:00,0.1350037710632968
2026/08/20 20:15:00,0.12916722005684686
2026/08/20 20:20:00,0.1341661480433372
2026/08/20 20:25:00,0.1291676749671753
2026/08/20 20:30:00,0.15084592928046311
2026/08/20 20:35:00,0.12998924522877095
2026/08/20 20:40:00,0.27174639366405523
2026/08/20 20:45:00,0.17248956768827922
2026/08/20 20:50:00,0.23169537922367414
2026/08/20 20:55:00,0.13665512136723368
2026/08/20 21:00:00,0.13749895837145873
2026/08/20 21:05:00,0.13667808706412904
2026/08/20 21:10:00,0.142497155398163
2026/08/20 21:15:00,0.12748858366876145
2026/08/20 21:20:00,0.13584708440769383
2026/08/20 21:25:00,0.126667236588864
2026/08/20 21:30:00,0.13333450721383247
2026/08/20 21:35:00,0.1266621192443068
2026/08/20 21:40:00,0.14417429645155155
2026/08/20 21:45:00,0.1266548931596037
2026/08/20 21:50:00,0.1383327581594334
2026/08/20 21:55:00,0.1283351674484296
2026/08/20 22:00:00,0.1325102893518363
2026/08/20 22:05:00,0.12749051977136172
2026/08/20 22:10:00,0.14082970103418352
2026/08/20 22:15:00,0.13000929485262933
2026/08/20 22:20:00,0.13166445539816926
2026/08/20 22:25:00,0.12666428020477455
2026/08/20 22:30:00,0.13915265107518532
2026/08/20 22:35:00,0.12665586692212488
2026/08/20 22:40:00,0.1341688687761529
2026/08/20 22:45:00,0.12584304672717925
2026/08/20 22:50:00,0.13166880798619868
2026/08/20 22:55:00,0.1350019120511529
2026/08/20 23:00:00,0.14250319893998192
2026/08/20 23:05:00,0.13001187645025375
2026/08/20 23:10:00,0.1366601250415042
2026/08/20 23:15:00,0.12832046401436334
2026/08/20 23:20:00,0.13167462303022456
2026/08/20 23:25:00,0.12750039145566636
2026/08/20 23:30:00,0.13497552257105733
2026/08/20 23:35:00,0.12916741339401033
2026/08/20 23:40:00,0.13419259776271625
2026/08/20 23:45:00,0.1283126283645528
2026/08/20 23:50:00,0.13500531662322707
2026/08/20 23:55:00,0.1366733938446496
2026/08/21 00:00:00,0.14499563402930848
2026/08/21 00:05:00,0.1533362334731445
2026/08/21 00:10:00,0.13499223330917964
2026/08/21 00:15:00,0.13334502154442035
2026/08/21 00:20:00,0.13498667758419758
2026/08/21 00:25:00,0.13001025515223347
2026/08/21 00:30:00,0.1408451274171472
2026/08/21 00:35:00,0.14165695836483944
2026/08/21 00:40:00,0.133322847922094
2026/08/21 00:45:00,0.13751342423773635
2026/08/21 00:50:00,0.1316431519085734
2026/08/21 00:55:00,0.127521368568043
2026/08/21 01:00:00,0.13414329061733515
2026/08/21 01:05:00,0.12751307109507024
2026/08/21 01:10:00,0.13416820016327263
2026/08/21 01:15:00,0.14083426182693204
2026/08/21 01:20:00,0.13416972590478937
2026/08/21 01:25:00,0.13000011332054032
2026/08/21 01:30:00,0.13000348606220014
2026/08/21 01:35:00,0.1275101633127636
2026/08/21 01:40:00,0.13248897200992238
2026/08/21 01:45:00,0.12998858338387467
2026/08/21 01:50:00,0.14000449938952597
2026/08/21 01:55:00,0.12832271405802845
2026/08/21 02:00:00,0.13169346518055391
2026/08/21 02:05:00,0.12749858012593202
2026/08/21 02:10:00,0.1308326173788395
2026/08/21 02:15:00,0.6386675336985727
2026/08/21 02:20:00,0.14581284049843962
2026/08/21 02:25:00,0.12499938482279185
2026/08/21 02:30:00,0.1383325723313121
2026/08/21 02:35:00,0.2859830140444449
2026/08/21 02:40:00,
2026/08/21 02:45:00,
2026/08/21 02:50:00,
2026/08/21 02:55:00,
2026/08/21 03:00:00,
2026/08/21 03:05:00,
2026/08/21 03:10:00,
2026/08/21 03:15:00,
2026/08/21 03:20:00,
2026/08/21 03:25:00,
2026/08/21 03:30:00,
2026/08/21 03:35:00,
2026/08/21 03:40:00,
2026/08/21 03:45:00,
2026/08/21 03:50:00,
2026/08/21 03:55:00,
2026/08/21 04:00:00,
2026/08/21 04:05:00,
2026/08/21 04:10:00,
2026/08/21 04:15:00,
2026/08/21 04:20:00,
2026/08/21 04:25:00,
2026/08/21 04:30:00,
2026/08/21 04:35:00,
2026/08/21 04:40:00,
2026/08/21 04:45:00,
2026/08/21 04:50:00,
2026/08/21 04:55:00,
2026/08/21 05:00:00,
2026/08/21 05:05:00,
2026/08/21 05:10:00,
2026/08/21 05:15:00,
2026/08/21 05:20:00,
2026/08/21 05:25:00,
2026/08/21 05:30:00,
2026/08/21 05:35:00,
2026/08/21 05:40:00,
2026/08/21 05:45:00,
2026/08/21 05:50:00,
2026/08/21 05:55:00,
2026/08/21 06:00:00,
2026/08/21 06:05:00,
2026/08/21 06:10:00,
2026/08/21 06:15:00,
2026/08/21 06:20:00,
2026/08/21 06:25:00,
2026/08/21 06:30:00,
2026/08/21 06:35:00,
2026/08/21 06:40:00,
2026/08/21 06:45:00,
2026/08/21 06:50:00,
2026/08/21 06:55:00,
2026/08/21 07:00:00,
2026/08/21 07:05:00,
2026/08/21 07:10:00,
2026/08/21 07:15:00,
2026/08/21 07:20:00,
2026/08/21 07:25:00,
2026/08/21 07:30:00,
2026/08/21 07:35:00,
2026/08/21 07:40:00,
2026/08/21 07:45:00,
2026/08/21 07:50:00,
2026/08/21 07:55:00,
2026/08/21 08:00:00,
2026/08/21 08:05:00,
2026/08/21 08:10:00,
2026/08/21 08:15:00,
2026/08/21 08:20:00,
2026/08/21 08:25:00,
2026/08/21 08:30:00,
2026/08/21 08:35:00,
2026/08/21 08:40:00,
2026/08/21 08:45:00,
2026/08/21 08:50:00,
2026/08/21 08:55:00,
2026/08/21 09:00:00,
2026/08/21 09:05:00,
2026/08/21 09:10:00,
2026/08/21 09:15:00,
2026/08/21 09:20:00,
2026/08/21 09:25:00,
2026/08/21 09:30:00,
2026/08/21 09:35:00,
2026/08/21 09:40:00,
2026/08/21 09:45:00,
2026/08/21 09:50:00,
2026/08/21 09:55:00,
2026/08/21 10:00:00,
2026/08/21 10:05:00,
2026/08/21 10:10:00,
2026/08/21 10:15:00,
2026/08/21 10:20:00,
2026/08/21 10:25:00,
2026/08/21 10:30:00,
2026/08/21 10:35:00,
2026/08/21 10:40:00,
2026/08/21 10:45:00,
2026/08/21 10:50:00,
2026/08/21 10:55:00,
2026/08/21 11:00:00,
2026/08/21 11:05:00,
2026/08/21 11:10:00,
2026/08/21 11:15:00,
2026/08/21 11:20:00,
2026/08/21 11:25:00,
2026/08/21 11:30:00,
2026/08/21 11:35:00,
2026/08/21 11:40:00,
2026/08/21 11:45:00,
2026/08/21 11:50:00,
2026/08/21 11:55:00,
2026/08/21 12:00:00,
2026/08/21 12:05:00,
2026/08/21 12:10:00,
2026/08/21 12:15:00,
2026/08/21 12:20:00,
2026/08/21 12:25:00,
2026/08/21 12:30:00,
2026/08/21 12:35:00,
2026/08/21 12:40:00,
2026/08/21 12:45:00,
2026/08/21 12:50:00,
2026/08/21 12:55:00,
2026/08/21 13:00:00,
2026/08/21 13:05:00,
2026/08/21 13:10:00,
2026/08/21 13:15:00,
2026/08/21 13:20:00,
2026/08/21 13:25:00,
2026/08/21 13:30:00,
2026/08/21 13:35:00,
2026/08/21 13:40:00,
2026/08/21 13:45:00,
2026/08/21 13:50:00,
2026/08/21 13:55:00,
2026/08/21 14:00:00,
2026/08/21 14:05:00,
2026/08/21 14:10:00,
2026/08/21 14:15:00,
2026/08/21 14:20:00,
2026/08/21 14:25:00,
2026/08/21 14:30:00,
2026/08/21 14:35:00,
2026/08/21 14:40:00,
2026/08/21 14:45:00,
2026/08/21 14:50:00,
2026/08/21 14:55:00,
2026/08/21 15:00:00,
2026/08/21 15:05:00,
2026/08/21 15:10:00,
2026/08/21 15:15:00,
2026/08/21 15:20:00,
2026/08/21 15:25:00,
2026/08/21 15:30:00,
2026/08/21 15:35:00,
2026/08/21 15:40:00,
2026/08/21 15:45:00,
2026/08/21 15:50:00,
2026/08/21 15:55:00,
2026/08/21 16:00:00,
2026/08/21 16:05:00,
2026/08/21 16:10:00,
2026/08/21 16:15:00,
2026/08/21 16:20:00,
2026/08/21 16:25:00,
2026/08/21 16:30:00,
2026/08/21 16:35:00,
2026/08/21 16:40:00,
2026/08/21 16:45:00,
2026/08/21 16:50:00,
2026/08/21 16:55:00,
2026/08/21 17:00:00,
2026/08/21 17:05:00,
2026/08/21 17:10:00,
2026/08/21 17:15:00,
2026/08/21 17:20:00,
2026/08/21 17:25:00,
2026/08/21 17:30:00,
2026/08/21 17:35:00,
2026/08/21 17:40:00,
2026/08/21 17:45:00,
2026/08/21 17:50:00,
2026/08/21 17:55:00,
2026/08/21 18:00:00,
2026/08/21 18:05:00,
2026/08/21 18:10:00,
2026/08/21 18:15:00,
2026/08/21 18:20:00,
2026/08/21 18:25:00,
2026/08/21 18:30:00,
2026/08/21 18:35:00,
2026/08/21 18:40:00,
2026/08/21 18:45:00,
2026/08/21 18:50:00,
2026/08/21 18:55:00,
2026/08/21 19:00:00,
2026/08/21 19:05:00,
2026/08/21 19:10:00,
2026/08/21 19:15:00,
2026/08/21 19:20:00,
2026/08/21 19:25:00,
2026/08/21 19:30:00,
2026/08/21 19:35:00,
2026/08/21 19:40:00,
2026/08/21 19:45:00,
2026/08/21 19:50:00,
2026/08/21 19:55:00,
2026/08/21 20:00:00,
2026/08/21 20:05:00,
2026/08/21 20:10:00,
2026/08/21 20:15:00,
2026/08/21 20:20:00,
2026/08/21 20:25:00,
2026/08/21 20:30:00,
2026/08/21 20:35:00,
2026/08/21 20:40:00,
2026/08/21 20:45:00,
2026/08/21 20:50:00,
2026/08/21 20:55:00,
2026/08/21 21:00:00,
2026/08/21 21:05:00,
2026/08/21 21:10:00,
2026/08/21 21:15:00,
2026/08/21 21:20:00,
2026/08/21 21:25:00,
2026/08/21 21:30:00,
2026/08/21 21:35:00,
2026/08/21 21:40:00,
2026/08/21 21:45:00,
2026/08/21 21:50:00,
2026/08/21 21:55:00,
2026/08/21 22:00:00,
2026/08/21 22:05:00,
2026/08/21 22:10:00,
2026/08/21 22:15:00,
2026/08/21 22:20:00,
2026/08/21 22:25:00,
2026/08/21 22:30:00,
2026/08/21 22:35:00,
2026/08/21 22:40:00,
2026/08/21 22:45:00,
2026/08/21 22:50:00,
2026/08/21 22:55:00,
2026/08/21 23:00:00,
2026/08/21 23:05:00,
2026/08/21 23:10:00,
2026/08/21 23:15:00,
2026/08/21 23:20:00,
2026/08/21 23:25:00,
2026/08/21 23:30:00,
2026/08/21 23:35:00,
2026/08/21 23:40:00,
2026/08/21 23:45:00,
2026/08/21 23:50:00,
2026/08/21 23:55:00,
2026/08/22 00:00:00,
2026/08/22 00:05:00,
2026/08/22 00:10:00,
2026/08/22 00:15:00,
2026/08/22 00:20:00,
2026/08/22 00:25:00,
2026/08/22 00:30:00,
2026/08/22 00:35:00,
2026/08/22 00:40:00,
2026/08/22 00:45:00,
2026/08/22 00:50:00,
2026/08/22 00:55:00,
2026/08/22 01:00:00,
2026/08/22 01:05:00,
2026/08/22 01:10:00,
2026/08/22 01:15:00,
2026/08/22 01:20:00,
2026/08/22 01:25:00,
2026/08/22 01:30:00,
2026/08/22 01:35:00,
2026/08/22 01:40:00,
2026/08/22 01:45:00,
2026/08/22 01:50:00,
2026/08/22 01:55:00,
2026/08/22 02:00:00,
2026/08/22 02:05:00,
2026/08/22 02:10:00,
2026/08/22 02:15:00,
2026/08/22 02:20:00,
2026/08/22 02:25:00,
2026/08/22 02:30:00,
2026/08/22 02:35:00,
2026/08/22 02:40:00,
2026/08/22 02:45:00,
2026/08/22 02:50:00,
2026/08/22 02:55:00,
2026/08/22 03:00:00,
2026/08/22 03:05:00,
2026/08/22 03:10:00,
2026/08/22 03:15:00,
2026/08/22 03:20:00,
2026/08/22 03:25:00,
2026/08/22 03:30:00,
2026/08/22 03:35:00,
2026/08/22 03:40:00,
2026/08/22 03:45:00,
2026/08/22 03:50:00,
2026/08/22 03:55:00,
2026/08/22 04:00:00,
2026/08/22 04:05:00,
2026/08/22 04:10:00,
2026/08/22 04:15:00,
2026/08/22 04:20:00,
2026/08/22 04:25:00,
2026/08/22 04:30:00,
2026/08/22 04:35:00,
2026/08/22 04:40:00,
2026/08/22 04:45:00,
2026/08/22 04:50:00,
2026/08/22 04:55:00,
2026/08/22 05:00:00,
2026/08/22 05:05:00,
2026/08/22 05:10:00,
2026/08/22 05:15:00,
2026/08/22 05:20:00,
2026/08/22 05:25:00,
2026/08/22 05:30:00,
2026/08/22 05:35:00,
2026/08/22 05:40:00,
2026/08/22 05:45:00,
2026/08/22 05:50:00,
2026/08/22 05:55:00,
2026/08/22 06:00:00,
2026/08/22 06:05:00,
2026/08/22 06:10:00,
2026/08/22 06:15:00,
2026/08/22 06:20:00,
2026/08/22 06:25:00,
2026/08/22 06:30:00,
2026/08/22 06:35:00,
2026/08/22 06:40:00,
2026/08/22 06:45:00,
2026/08/22 06:50:00,
2026/08/22 06:55:00,
2026/08/22 07:00:00,
2026/08/22 07:05:00,
2026/08/22 07:10:00,
2026/08/22 07:15:00,
2026/08/22 07:20:00,
2026/08/22 07:25:00,
2026/08/22 07:30:00,
2026/08/22 07:35:00,
2026/08/22 07:40:00,
2026/08/22 07:45:00,
2026/08/22 07:50:00,
2026/08/22 07:55:00,
2026/08/22 08:00:00,
2026/08/22 08:05:00,
2026/08/22 08:10:00,
2026/08/22 08:15:00,
2026/08/22 08:20:00,
2026/08/22 08:25:00,
2026/08/22 08:30:00,
2026/08/22 08:35:00,
2026/08/22 08:40:00,
2026/08/22 08:45:00,
2026/08/22 08:50:00,
2026/08/22 08:55:00,
2026/08/22 09:00:00,
2026/08/22 09:05:00,
2026/08/22 09:10:00,
2026/08/22 09:15:00,
2026/08/22 09:20:00,
2026/08/22 09:25:00,
2026/08/22 09:30:00,
2026/08/22 09:35:00,
2026/08/22 09:40:00,
2026/08/22 09:45:00,
2026/08/22 09:50:00,
2026/08/22 09:55:00,
2026/08/22 10:00:00,
2026/08/22 10:05:00,
2026/08/22 10:10:00,
2026/08/22 10:15:00,
2026/08/22 10:20:00,
2026/08/22 10:25:00,
2026/08/22 10:30:00,
2026/08/22 10:35:00,
2026/08/22 10:40:00,
2026/08/22 10:45:00,
2026/08/22 10:50:00,
2026/08/22 10:55:00,
2026/08/22 11:00:00,
2026/08/22 11:05:00,
2026/08/22 11:10:00,
2026/08/22 11:15:00,
2026/08/22 11:20:00,
2026/08/22 11:25:00,
2026/08/22 11:30:00,
2026/08/22 11:35:00,
2026/08/22 11:40:00,
2026/08/22 11:45:00,
2026/08/22 11:50:00,
2026/08/22 11:55:00,
2026/08/22 12:00:00,
2026/08/22 12:05:00,
2026/08/22 12:10:00,
2026/08/22 12:15:00,
2026/08/22 12:20:00,
2026/08/22 12:25:00,
2026/08/22 12:30:00,
2026/08/22 12:35:00,
2026/08/22 12:40:00,
2026/08/22 12:45:00,
2026/08/22 12:50:00,
2026/08/22 12:55:00,
2026/08/22 13:00:00,
2026/08/22 13:05:00,
2026/08/22 13:10:00,
2026/08/22 13:15:00,
2026/08/22 13:20:00,
2026/08/22 13:25:00,
2026/08/22 13:30:00,
2026/08/22 13:35:00,
2026/08/22 13:40:00,
2026/08/22 13:45:00,
2026/08/22 13:50:00,
2026/08/22 13:55:00,
2026/08/22 14:00:00,
2026/08/22 14:05:00,
2026/08/22 14:10:00,
2026/08/22 14:15:00,
2026/08/22 14:20:00,
2026/08/22 14:25:00,
2026/08/22 14:30:00,
2026/08/22 14:35:00,
2026/08/22 14:40:00,
2026/08/22 14:45:00,
2026/08/22 14:50:00,
2026/08/22 14:55:00,
2026/08/22 15:00:00,
2026/08/22 15:05:00,
2026/08/22 15:10:00,
2026/08/22 15:15:00,
2026/08/22 15:20:00,
2026/08/22 15:25:00,
2026/08/22 15:30:00,
2026/08/22 15:35:00,
2026/08/22 15:40:00,
2026/08/22 15:45:00,
2026/08/22 15:50:00,
2026/08/22 15:55:00,
2026/08/22 16:00:00,
2026/08/22 16:05:00,
2026/08/22 16:10:00,
2026/08/22 16:15:00,
2026/08/22 16:20:00,
2026/08/22 16:25:00,
2026/08/22 16:30:00,
2026/08/22 16:35:00,
2026/08/22 16:40:00,
2026/08/22 16:45:00,
2026/08/22 16:50:00,
2026/08/22 16:55:00,
2026/08/22 17:00:00,
2026/08/22 17:05:00,
2026/08/22 17:10:00,
2026/08/22 17:15:00,
2026/08/22 17:20:00,
2026/08/22 17:25:00,
2026/08/22 17:30:00,
2026/08/22 17:35:00,
2026/08/22 17:40:00,
2026/08/22 17:45:00,
2026/08/22 17:50:00,
2026/08/22 17:55:00,
2026/08/22 18:00:00,
2026/08/22 18:05:00,
2026/08/22 18:10:00,
2026/08/22 18:15:00,
2026/08/22 18:20:00,
2026/08/22 18:25:00,
2026/08/22 18:30:00,
2026/08/22 18:35:00,
2026/08/22 18:40:00,
2026/08/22 18:45:00,
2026/08/22 18:50:00,
2026/08/22 18:55:00,
2026/08/22 19:00:00,
2026/08/22 19:05:00,
2026/08/22 19:10:00,
2026/08/22 19:15:00,
2026/08/22 19:20:00,
2026/08/22 19:25:00,
2026/08/22 19:30:00,
2026/08/22 19:35:00,
2026/08/22 19:40:00,
2026/08/22 19:45:00,
2026/08/22 19:50:00,
2026/08/22 19:55:00,
2026/08/22 20:00:00,
2026/08/22 20:05:00,
2026/08/22 20:10:00,
2026/08/22 20:15:00,
2026/08/22 20:20:00,
2026/08/22 20:25:00,
2026/08/22 20:30:00,
2026/08/22 20:35:00,
2026/08/22 20:40:00,
2026/08/22 20:45:00,
2026/08/22 20:50:00,
2026/08/22 20:55:00,
2026/08/22 21:00:00,
2026/08/22 21:05:00,
2026/08/22 21:10:00,
2026/08/22 21:15:00,
2026/08/22 21:20:00,
2026/08/22 21:25:00,
2026/08/22 21:30:00,
2026/08/22 21:35:00,
2026/08/22 21:40:00,
2026/08/22 21:45:00,
2026/08/22 21:50:00,
2026/08/22 21:55:00,
2026/08/22 22:00:00,
2026/08/22 22:05:00,
2026/08/22 22:10:00,
2026/08/22 22:15:00,
2026/08/22 22:20:00,
2026/08/22 22:25:00,
2026/08/22 22:30:00,
2026/08/22 22:35:00,
2026/08/22 22:40:00,
2026/08/22 22:45:00,
2026/08/22 22:50:00,
2026/08/22 22:55:00,
2026/08/22 23:00:00,
2026/08/22 23:05:00,
2026/08/22 23:10:00,
2026/08/22 23:15:00,
2026/08/22 23:20:00,
2026/08/22 23:25:00,
2026/08/22 23:30:00,
2026/08/22 23:35:00,
2026/08/22 23:40:00,
2026/08/22 23:45:00,
2026/08/22 23:50:00,
2026/08/22 23:55:00,
2026/08/23 00:00:00,
2026/08/23 00:05:00,
2026/08/23 00:10:00,
2026/08/23 00:15:00,
2026/08/23 00:20:00,
2026/08/23 00:25:00,
2026/08/23 00:30:00,
2026/08/23 00:35:00,
2026/08/23 00:40:00,
2026/08/23 00:45:00,
2026/08/23 00:50:00,
2026/08/23 00:55:00,
2026/08/23 01:00:00,
2026/08/23 01:05:00,
2026/08/23 01:10:00,
2026/08/23 01:15:00,
2026/08/23 01:20:00,
2026/08/23 01:25:00,
2026/08/23 01:30:00,
2026/08/23 01:35:00,
2026/08/23 01:40:00,
2026/08/23 01:45:00,
2026/08/23 01:50:00,
2026/08/23 01:55:00,
2026/08/23 02:00:00,
2026/08/23 02:05:00,
2026/08/23 02:10:00,
2026/08/23 02:15:00,
2026/08/23 02:20:00,
2026/08/23 02:25:00,
2026/08/23 02:30:00,
2026/08/23 02:35:00,
2026/08/23 02:40:00,
2026/08/23 02:45:00,
2026/08/23 02:50:00,
2026/08/23 02:55:00,
2026/08/23 03:00:00,
2026/08/23 03:05:00,
2026/08/23 03:10:00,
2026/08/23 03:15:00,
2026/08/23 03:20:00,
2026/08/23 03:25:00,
2026/08/23 03:30:00,
2026/08/23 03:35:00,
2026/08/23 03:40:00,
2026/08/23 03:45:00,
2026/08/23 03:50:00,
2026/08/23 03:55:00,
2026/08/23 04:00:00,
2026/08/23 04:05:00,
2026/08/23 04:10:00,
2026/08/23 04:15:00,
2026/08/23 04:20:00,
2026/08/23 04:25:00,
2026/08/23 04:30:00,
2026/08/23 04:35:00,
2026/08/23 04:40:00,
2026/08/23 04:45:00,
2026/08/23 04:50:00,
2026/08/23 04:55:00,
2026/08/23 05:00:00,
2026/08/23 05:05:00,
2026/08/23 05:10:00,
2026/08/23 05:15:00,
2026/08/23 05:20:00,
2026/08/23 05:25:00,
2026/08/23 05:30:00,
2026/08/23 05:35:00,
2026/08/23 05:40:00,
2026/08/23 05:45:00,
2026/08/23 05:50:00,
2026/08/23 05:55:00,
2026/08/23 06:00:00,
2026/08/23 06:05:00,
2026/08/23 06:10:00,
2026/08/23 06:15:00,
2026/08/23 06:20:00,
2026/08/23 06:25:00,
2026/08/23 06:30:00,
2026/08/23 06:35:00,
2026/08/23 06:40:00,
2026/08/23 06:45:00,
2026/08/23 06:50:00,
2026/08/23 06:55:00,
2026/08/23 07:00:00,
2026/08/23 07:05:00,
2026/08/23 07:10:00,
2026/08/23 07:15:00,
2026/08/23 07:20:00,
2026/08/23 07:25:00,
2026/08/23 07:30:00,
2026/08/23 07:35:00,
2026/08/23 07:40:00,
2026/08/23 07:45:00,
2026/08/23 07:50:00,
2026/08/23 07:55:00,
2026/08/23 08:00:00,
2026/08/23 08:05:00,
2026/08/23 08:10:00,
2026/08/23 08:15:00,
2026/08/23 08:20:00,
2026/08/23 08:25:00,
2026/08/23 08:30:00,
2026/08/23 08:35:00,
2026/08/23 08:40:00,
2026/08/23 08:45:00,
2026/08/23 08:50:00,
2026/08/23 08:55:00,
2026/08/23 09:00:00,
2026/08/23 09:05:00,
2026/08/23 09:10:00,
2026/08/23 09:15:00,
2026/08/23 09:20:00,
2026/08/23 09:25:00,
2026/08/23 09:30:00,
2026/08/23 09:35:00,
2026/08/23 09:40:00,
2026/08/23 09:45:00,
2026/08/23 09:50:00,
2026/08/23 09:55:00,
2026/08/23 10:00:00,
2026/08/23 10:05:00,
2026/08/23 10:10:00,
2026/08/23 10:15:00,
2026/08/23 10:20:00,
2026/08/23 10:25:00,
2026/08/23 10:30:00,
2026/08/23 10:35:00,
2026/08/23 10:40:00,
2026/08/23 10:45:00,
2026/08/23 10:50:00,
2026/08/23 10:55:00,
2026/08/23 11:00:00,
2026/08/23 11:05:00,
2026/08/23 11:10:00,
2026/08/23 11:15:00,
2026/08/23 11:20:00,
2026/08/23 11:25:00,
2026/08/23 11:30:00,
2026/08/23 11:35:00,
2026/08/23 11:40:00,
2026/08/23 11:45:00,
2026/08/23 11:50:00,
2026/08/23 11:55:00,
2026/08/23 12:00:00,
2026/08/23 12:05:00,
2026/08/23 12:10:00,
2026/08/23 12:15:00,
2026/08/23 12:20:00,
2026/08/23 12:25:00,
2026/08/23 12:30:00,
2026/08/23 12:35:00,
2026/08/23 12:40:00,
2026/08/23 12:45:00,
2026/08/23 12:50:00,
2026/08/23 12:55:00,
2026/08/23 13:00:00,
2026/08/23 13:05:00,
2026/08/23 13:10:00,
2026/08/23 13:15:00,
2026/08/23 13:20:00,
2026/08/23 13:25:00,
2026/08/23 13:30:00,
2026/08/23 13:35:00,
2026/08/23 13:40:00,
2026/08/23 13:45:00,
2026/08/23 13:50:00,
2026/08/23 13:55:00,
2026/08/23 14:00:00,
2026/08/23 14:05:00,
2026/08/23 14:10:00,
2026/08/23 14:15:00,
2026/08/23 14:20:00,
2026/08/23 14:25:00,
2026/08/23 14:30:00,
2026/08/23 14:35:00,
2026/08/23 14:40:00,
2026/08/23 14:45:00,
2026/08/23 14:50:00,
2026/08/23 14:55:00,
2026/08/23 15:00:00,
2026/08/23 15:05:00,
2026/08/23 15:10:00,
2026/08/23 15:15:00,
2026/08/23 15:20:00,
2026/08/23 15:25:00,
2026/08/23 15:30:00,
2026/08/23 15:35:00,
2026/08/23 15:40:00,
2026/08/23 15:45:00,
2026/08/23 15:50:00,
2026/08/23 15:55:00,
2026/08/23 16:00:00,
2026/08/23 16:05:00,
2026/08/23 16:10:00,
2026/08/23 16:15:00,
2026/08/23 16:20:00,
2026/08/23 16:25:00,
2026/08/23 16:30:00,
2026/08/23 16:35:00,
2026/08/23 16:40:00,
2026/08/23 16:45:00,
2026/08/23 16:50:00,
2026/08/23 16:55:00,
2026/08/23 17:00:00,
2026/08/23 17:05:00,
2026/08/23 17:10:00,
2026/08/23 17:15:00,
2026/08/23 17:20:00,
2026/08/23 17:25:00,
2026/08/23 17:30:00,
2026/08/23 17:35:00,
2026/08/23 17:40:00,
2026/08/23 17:45:00,
2026/08/23 17:50:00,
2026/08/23 17:55:00,
2026/08/23 18:00:00,
2026/08/23 18:05:00,
2026/08/23 18:10:00,
2026/08/23 18:15:00,
2026/08/23 18:20:00,
2026/08/23 18:25:00,
2026/08/23 18:30:00,
2026/08/23 18:35:00,
2026/08/23 18:40:00,
2026/08/23 18:45:00,
2026/08/23 18:50:00,
2026/08/23 18:55:00,
2026/08/23 19:00:00,
2026/08/23 19:05:00,
2026/08/23 19:10:00,
2026/08/23 19:15:00,
2026/08/23 19:20:00,
2026/08/23 19:25:00,
2026/08/23 19:30:00,
2026/08/23 19:35:00,
2026/08/23 19:40:00,
2026/08/23 19:45:00,
2026/08/23 19:50:00,
2026/08/23 19:55:00,
2026/08/23 20:00:00,
2026/08/23 20:05:00,
2026/08/23 20:10:00,
2026/08/23 20:15:00,
2026/08/23 20:20:00,
2026/08/23 20:25:00,
2026/08/23 20:30:00,
2026/08/23 20:35:00,
2026/08/23 20:40:00,
2026/08/23 20:45:00,
2026/08/23 20:50:00,
2026/08/23 20:55:00,
2026/08/23 21:00:00,
2026/08/23 21:05:00,
2026/08/23 21:10:00,
2026/08/23 21:15:00,
2026/08/23 21:20:00,
2026/08/23 21:25:00,
2026/08/23 21:30:00,
2026/08/23 21:35:00,
2026/08/23 21:40:00,
2026/08/23 21:45:00,
2026/08/23 21:50:00,
2026/08/23 21:55:00,
2026/08/23 22:00:00,
2026/08/23 22:05:00,
2026/08/23 22:10:00,
2026/08/23 22:15:00,
2026/08/23 22:20:00,
2026/08/23 22:25:00,
2026/08/23 22:30:00,
2026/08/23 22:35:00,
2026/08/23 22:40:00,
2026/08/23 22:45:00,
2026/08/23 22:50:00,
2026/08/23 22:55:00,
2026/08/23 23:00:00,
2026/08/23 23:05:00,
2026/08/23 23:10:00,
2026/08/23 23:15:00,
2026/08/23 23:20:00,
2026/08/23 23:25:00,
2026/08/23 23:30:00,
2026/08/23 23:35:00,
2026/08/23 23:40:00,
2026/08/23 23:45:00,
2026/08/23 23:50:00,
2026/08/23 23:55:00,
2026/08/24 00:00:00,
2026/08/24 00:05:00,
2026/08/24 00:10:00,
2026/08/24 00:15:00,
2026/08/24 00:20:00,
2026/08/24 00:25:00,
2026/08/24 00:30:00,
2026/08/24 00:35:00,
2026/08/24 00:40:00,
2026/08/24 00:45:00,
2026/08/24 00:50:00,
2026/08/24 00:55:00,
2026/08/24 01:00:00,
2026/08/24 01:05:00,
2026/08/24 01:10:00,
2026/08/24 01:15:00,
2026/08/24 01:20:00,
2026/08/24 01:25:00,
2026/08/24 01:30:00,
2026/08/24 01:35:00,
2026/08/24 01:40:00,
2026/08/24 01:45:00,
2026/08/24 01:50:00,
2026/08/24 01:55:00,
2026/08/24 02:00:00,
2026/08/24 02:05:00,
2026/08/24 02:10:00,
2026/08/24 02:15:00,
2026/08/24 02:20:00,
2026/08/24 02:25:00,
2026/08/24 02:30:00,
2026/08/24 02:35:00,
2026/08/24 02:40:00,
2026/08/24 02:45:00,
2026/08/24 02:50:00,
2026/08/24 02:55:00,
2026/08/24 03:00:00,
2026/08/24 03:05:00,
2026/08/24 03:10:00,
2026/08/24 03:15:00,
2026/08/24 03:20:00,
2026/08/24 03:25:00,
2026/08/24 03:30:00,
2026/08/24 03:35:00,
2026/08/24 03:40:00,
2026/08/24 03:45:00,
2026/08/24 03:50:00,
2026/08/24 03:55:00,
2026/08/24 04:00:00,
2026/08/24 04:05:00,
2026/08/24 04:10:00,
2026/08/24 04:15:00,
2026/08/24 04:20:00,
2026/08/24 04:25:00,
2026/08/24 04:30:00,
2026/08/24 04:35:00,
2026/08/24 04:40:00,
2026/08/24 04:45:00,
2026/08/24 04:50:00,
2026/08/24 04:55:00,
2026/08/24 05:00:00,
2026/08/24 05:05:00,
2026/08/24 05:10:00,
2026/08/24 05:15:00,
2026/08/24 05:20:00,
2026/08/24 05:25:00,
2026/08/24 05:30:00,
2026/08/24 05:35:00,
2026/08/24 05:40:00,
2026/08/24 05:45:00,
2026/08/24 05:50:00,
2026/08/24 05:55:00,
2026/08/24 06:00:00,
2026/08/24 06:05:00,
2026/08/24 06:10:00,
2026/08/24 06:15:00,
2026/08/24 06:20:00,
2026/08/24 06:25:00,
2026/08/24 06:30:00,
2026/08/24 06:35:00,
2026/08/24 06:40:00,
2026/08/24 06:45:00,
2026/08/24 06:50:00,
2026/08/24 06:55:00,
2026/08/24 07:00:00,
2026/08/24 07:05:00,
2026/08/24 07:10:00,
2026/08/24 07:15:00,
2026/08/24 07:20:00,
2026/08/24 07:25:00,
2026/08/24 07:30:00,
2026/08/24 07:35:00,
2026/08/24 07:40:00,
2026/08/24 07:45:00,
2026/08/24 07:50:00,
2026/08/24 07:55:00,
2026/08/24 08:00:00,
2026/08/24 08:05:00,
2026/08/24 08:10:00,
2026/08/24 08:15:00,
2026/08/24 08:20:00,
2026/08/24 08:25:00,
2026/08/24 08:30:00,
2026/08/24 08:35:00,
2026/08/24 08:40:00,
2026/08/24 08:45:00,
2026/08/24 08:50:00,
2026/08/24 08:55:00,
2026/08/24 09:00:00,
2026/08/24 09:05:00,
2026/08/24 09:10:00,
2026/08/24 09:15:00,
2026/08/24 09:20:00,
2026/08/24 09:25:00,
2026/08/24 09:30:00,
2026/08/24 09:35:00,
2026/08/24 09:40:00,
2026/08/24 09:45:00,
2026/08/24 09:50:00,
2026/08/24 09:55:00,
2026/08/24 10:00:00,
2026/08/24 10:05:00,
2026/08/24 10:10:00,
2026/08/24 10:15:00,
2026/08/24 10:20:00,
2026/08/24 10:25:00,
2026/08/24 10:30:00,
2026/08/24 10:35:00,
2026/08/24 10:40:00,
2026/08/24 10:45:00,
2026/08/24 10:50:00,
2026/08/24 10:55:00,
2026/08/24 11:00:00,
2026/08/24 11:05:00,
2026/08/24 11:10:00,
2026/08/24 11:15:00,
2026/08/24 11:20:00,
2026/08/24 11:25:00,
2026/08/24 11:30:00,
2026/08/24 11:35:00,
2026/08/24 11:40:00,
2026/08/24 11:45:00,
2026/08/24 11:50:00,
2026/08/24 11:55:00,
2026/08/24 12:00:00,
2026/08/24 12:05:00,
2026/08/24 12:10:00,
2026/08/24 12:15:00,
2026/08/24 12:20:00,
2026/08/24 12:25:00,
2026/08/24 12:30:00,
2026/08/24 12:35:00,
2026/08/24 12:40:00,
2026/08/24 12:45:00,
2026/08/24 12:50:00,
2026/08/24 12:55:00,
2026/08/24 13:00:00,
2026/08/24 13:05:00,
2026/08/24 13:10:00,
2026/08/24 13:15:00,
2026/08/24 13:20:00,
2026/08/24 13:25:00,
2026/08/24 13:30:00,
2026/08/24 13:35:00,
2026/08/24 13:40:00,
2026/08/24 13:45:00,
2026/08/24 13:50:00,
2026/08/24 13:55:00,
2026/08/24 14:00:00,
2026/08/24 14:05:00,
2026/08/24 14:10:00,
2026/08/24 14:15:00,
2026/08/24 14:20:00,
2026/08/24 14:25:00,
2026/08/24 14:30:00,
2026/08/24 14:35:00,
2026/08/24 14:40:00,
2026/08/24 14:45:00,
2026/08/24 14:50:00,
2026/08/24 14:55:00,
2026/08/24 15:00:00,
2026/08/24 15:05:00,
2026/08/24 15:10:00,
2026/08/24 15:15:00,
2026/08/24 15:20:00,
2026/08/24 15:25:00,
2026/08/24 15:30:00,
2026/08/24 15:35:00,
2026/08/24 15:40:00,
2026/08/24 15:45:00,
2026/08/24 15:50:00,
2026/08/24 15:55:00,
2026/08/24 16:00:00,
2026/08/24 16:05:00,
2026/08/24 16:10:00,
2026/08/24 16:15:00,
2026/08/24 16:20:00,
2026/08/24 16:25:00,
2026/08/24 16:30:00,
2026/08/24 16:35:00,
2026/08/24 16:40:00,
2026/08/24 16:45:00,
2026/08/24 16:50:00,
2026/08/24 16:55:00,
2026/08/24 17:00:00,
2026/08/24 17:05:00,
2026/08/24 17:10:00,
2026/08/24 17:15:00,
2026/08/24 17:20:00,
2026/08/24 17:25:00,
2026/08/24 17:30:00,
2026/08/24 17:35:00,
2026/08/24 17:40:00,
2026/08/24 17:45:00,
2026/08/24 17:50:00,
2026/08/24 17:55:00,
2026/08/24 18:00:00,
2026/08/24 18:05:00,
2026/08/24 18:10:00,
2026/08/24 18:15:00,
2026/08/24 18:20:00,
2026/08/24 18:25:00,
2026/08/24 18:30:00,
2026/08/24 18:35:00,
2026/08/24 18:40:00,
2026/08/24 18:45:00,
2026/08/24 18:50:00,
2026/08/24 18:55:00,
2026/08/24 19:00:00,
2026/08/24 19:05:00,
2026/08/24 19:10:00,
2026/08/24 19:15:00,
2026/08/24 19:20:00,
2026/08/24 19:25:00,
2026/08/24 19:30:00,
2026/08/24 19:35:00,
2026/08/24 19:40:00,
2026/08/24 19:45:00,
2026/08/24 19:50:00,
2026/08/24 19:55:00,
2026/08/24 20:00:00,
2026/08/24 20:05:00,
2026/08/24 20:10:00,
2026/08/24 20:15:00,
2026/08/24 20:20:00,
2026/08/24 20:25:00,
2026/08/24 20:30:00,
2026/08/24 20:35:00,
2026/08/24 20:40:00,
2026/08/24 20:45:00,
2026/08/24 20:50:00,
2026/08/24 20:55:00,
2026/08/24 21:00:00,
2026/08/24 21:05:00,
2026/08/24 21:10:00,
2026/08/24 21:15:00,
2026/08/24 21:20:00,
2026/08/24 21:25:00,
2026/08/24 21:30:00,
2026/08/24 21:35:00,
2026/08/24 21:40:00,
2026/08/24 21:45:00,
2026/08/24 21:50:00,
2026/08/24 21:55:00,
2026/08/24 22:00:00,
2026/08/24 22:05:00,
2026/08/24 22:10:00,
2026/08/24 22:15:00,
2026/08/24 22:20:00,
2026/08/24 22:25:00,
2026/08/24 22:30:00,
2026/08/24 22:35:00,
2026/08/24 22:40:00,
2026/08/24 22:45:00,
2026/08/24 22:50:00,
2026/08/24 22:55:00,
2026/08/24 23:00:00,
2026/08/24 23:05:00,
2026/08/24 23:10:00,
2026/08/24 23:15:00,
2026/08/24 23:20:00,
2026/08/24 23:25:00,
2026/08/24 23:30:00,
2026/08/24 23:35:00,
2026/08/24 23:40:00,
2026/08/24 23:45:00,
2026/08/24 23:50:00,
2026/08/24 23:55:00,
2026/08/25 00:00:00,
2026/08/25 00:05:00,
2026/08/25 00:10:00,
2026/08/25 00:15:00,
2026/08/25 00:20:00,
2026/08/25 00:25:00,
2026/08/25 00:30:00,
2026/08/25 00:35:00,
2026/08/25 00:40:00,
2026/08/25 00:45:00,
2026/08/25 00:50:00,
2026/08/25 00:55:00,
2026/08/25 01:00:00,
2026/08/25 01:05:00,
2026/08/25 01:10:00,
2026/08/25 01:15:00,
2026/08/25 01:20:00,
2026/08/25 01:25:00,
2026/08/25 01:30:00,
2026/08/25 01:35:00,
2026/08/25 01:40:00,
2026/08/25 01:45:00,
2026/08/25 01:50:00,
2026/08/25 01:55:00,
2026/08/25 02:00:00,
2026/08/25 02:05:00,
2026/08/25 02:10:00,
2026/08/25 02:15:00,
2026/08/25 02:20:00,
2026/08/25 02:25:00,
2026/08/25 02:30:00,
2026/08/25 02:35:00,
2026/08/25 02:40:00,
2026/08/25 02:45:00,
2026/08/25 02:50:00,
2026/08/25 02:55:00,
2026/08/25 03:00:00,
2026/08/25 03:05:00,
2026/08/25 03:10:00,
2026/08/25 03:15:00,
2026/08/25 03:20:00,
2026/08/25 03:25:00,
2026/08/25 03:30:00,
2026/08/25 03:35:00,
2026/08/25 03:40:00,
2026/08/25 03:45:00,
2026/08/25 03:50:00,
2026/08/25 03:55:00,
2026/08/25 04:00:00,
2026/08/25 04:05:00,
2026/08/25 04:10:00,
2026/08/25 04:15:00,
2026/08/25 04:20:00,
2026/08/25 04:25:00,
2026/08/25 04:30:00,
2026/08/25 04:35:00,
2026/08/25 04:40:00,
2026/08/25 04:45:00,
2026/08/25 04:50:00,
2026/08/25 04:55:00,
2026/08/25 05:00:00,
2026/08/25 05:05:00,
2026/08/25 05:10:00,
2026/08/25 05:15:00,
2026/08/25 05:20:00,
2026/08/25 05:25:00,
2026/08/25 05:30:00,
2026/08/25 05:35:00,
2026/08/25 05:40:00,
2026/08/25 05:45:00,
2026/08/25 05:50:00,
2026/08/25 05:55:00,
2026/08/25 06:00:00,
2026/08/25 06:05:00,
2026/08/25 06:10:00,
2026/08/25 06:15:00,
2026/08/25 06:20:00,
2026/08/25 06:25:00,
2026/08/25 06:30:00,
2026/08/25 06:35:00,
2026/08/25 06:40:00,
2026/08/25 06:45:00,
2026/08/25 06:50:00,
2026/08/25 06:55:00,
2026/08/25 07:00:00,
2026/08/25 07:05:00,
2026/08/25 07:10:00,
2026/08/25 07:15:00,
2026/08/25 07:20:00,
2026/08/25 07:25:00,
2026/08/25 07:30:00,
2026/08/25 07:35:00,
2026/08/25 07:40:00,
2026/08/25 07:45:00,
2026/08/25 07:50:00,
2026/08/25 07:55:00,
2026/08/25 08:00:00,
2026/08/25 08:05:00,
2026/08/25 08:10:00,
2026/08/25 08:15:00,
2026/08/25 08:20:00,
2026/08/25 08:25:00,
2026/08/25 08:30:00,
2026/08/25 08:35:00,
2026/08/25 08:40:00,
2026/08/25 08:45:00,
2026/08/25 08:50:00,
2026/08/25 08:55:00,
2026/08/25 09:00:00,
2026/08/25 09:05:00,
2026/08/25 09:10:00,
2026/08/25 09:15:00,
2026/08/25 09:20:00,
2026/08/25 09:25:00,
2026/08/25 09:30:00,
2026/08/25 09:35:00,
2026/08/25 09:40:00,
2026/08/25 09:45:00,
2026/08/25 09:50:00,
2026/08/25 09:55:00,
2026/08/25 10:00:00,
2026/08/25 10:05:00,
2026/08/25 10:10:00,
2026/08/25 10:15:00,
2026/08/25 10:20:00,
2026/08/25 10:25:00,
2026/08/25 10:30:00,
2026/08/25 10:35:00,
2026/08/25 10:40:00,
2026/08/25 10:45:00,
2026/08/25 10:50:00,
2026/08/25 10:55:00,
2026/08/25 11:00:00,
2026/08/25 11:05:00,
2026/08/25 11:10:00,
2026/08/25 11:15:00,
2026/08/25 11:20:00,
2026/08/25 11:25:00,
2026/08/25 11:30:00,
2026/08/25 11:35:00,
2026/08/25 11:40:00,
2026/08/25 11:45:00,
2026/08/25 11:50:00,
2026/08/25 11:55:00,
2026/08/25 12:00:00,
2026/08/25 12:05:00,
2026/08/25 12:10:00,
2026/08/25 12:15:00,
2026/08/25 12:20:00,
2026/08/25 12:25:00,
2026/08/25 12:30:00,
2026/08/25 12:35:00,
2026/08/25 12:40:00,
2026/08/25 12:45:00,
2026/08/25 12:50:00,
2026/08/25 12:55:00,
2026/08/25 13:00:00,
2026/08/25 13:05:00,
2026/08/25 13:10:00,
2026/08/25 13:15:00,
2026/08/25 13:20:00,
2026/08/25 13:25:00,
2026/08/25 13:30:00,
2026/08/25 13:35:00,
2026/08/25 13:40:00,
2026/08/25 13:45:00,
2026/08/25 13:50:00,
2026/08/25 13:55:00,
2026/08/25 14:00:00,
2026/08/25 14:05:00,
2026/08/25 14:10:00,
2026/08/25 14:15:00,
2026/08/25 14:20:00,
2026/08/25 14:25:00,
2026/08/25 14:30:00,
2026/08/25 14:35:00,
2026/08/25 14:40:00,
2026/08/25 14:45:00,
2026/08/25 14:50:00,
2026/08/25 14:55:00,
2026/08/25 15:00:00,
2026/08/25 15:05:00,
2026/08/25 15:10:00,
2026/08/25 15:15:00,
2026/08/25 15:20:00,
2026/08/25 15:25:00,
2026/08/25 15:30:00,
2026/08/25 15:35:00,
2026/08/25 15:40:00,
2026/08/25 15:45:00,
2026/08/25 15:50:00,
2026/08/25 15:55:00,
2026/08/25 16:00:00,
2026/08/25 16:05:00,
2026/08/25 16:10:00,
2026/08/25 16:15:00,
2026/08/25 16:20:00,
2026/08/25 16:25:00,
2026/08/25 16:30:00,
2026/08/25 16:35:00,
2026/08/25 16:40:00,
2026/08/25 16:45:00,
2026/08/25 16:50:00,
2026/08/25 16:55:00,
2026/08/25 17:00:00,
2026/08/25 17:05:00,
2026/08/25 17:10:00,
2026/08/25 17:15:00,
2026/08/25 17:20:00,
2026/08/25 17:25:00,
2026/08/25 17:30:00,
2026/08/25 17:35:00,
2026/08/25 17:40:00,
2026/08/25 17:45:00,
2026/08/25 17:50:00,
2026/08/25 17:55:00,
2026/08/25 18:00:00,
2026/08/25 18:05:00,
2026/08/25 18:10:00,
2026/08/25 18:15:00,
2026/08/25 18:20:00,
2026/08/25 18:25:00,
2026/08/25 18:30:00,
2026/08/25 18:35:00,
2026/08/25 18:40:00,
2026/08/25 18:45:00,
2026/08/25 18:50:00,
2026/08/25 18:55:00,
2026/08/25 19:00:00,
2026/08/25 19:05:00,
2026/08/25 19:10:00,
2026/08/25 19:15:00,
2026/08/25 19:20:00,
2026/08/25 19:25:00,
2026/08/25 19:30:00,
2026/08/25 19:35:00,
2026/08/25 19:40:00,
2026/08/25 19:45:00,
2026/08/25 19:50:00,
2026/08/25 19:55:00,
2026/08/25 20:00:00,
2026/08/25 20:05:00,
2026/08/25 20:10:00,
2026/08/25 20:15:00,
2026/08/25 20:20:00,
2026/08/25 20:25:00,
2026/08/25 20:30:00,
2026/08/25 20:35:00,
2026/08/25 20:40:00,
2026/08/25 20:45:00,
2026/08/25 20:50:00,
2026/08/25 20:55:00,
2026/08/25 21:00:00,
2026/08/25 21:05:00,
2026/08/25 21:10:00,
2026/08/25 21:15:00,
2026/08/25 21:20:00,
2026/08/25 21:25:00,
2026/08/25 21:30:00,
2026/08/25 21:35:00,
2026/08/25 21:40:00,
2026/08/25 21:45:00,
2026/08/25 21:50:00,
2026/08/25 21:55:00,
2026/08/25 22:00:00,
2026/08/25 22:05:00,
2026/08/25 22:10:00,
2026/08/25 22:15:00,
2026/08/25 22:20:00,
2026/08/25 22:25:00,
2026/08/25 22:30:00,
2026/08/25 22:35:00,
2026/08/25 22:40:00,
2026/08/25 22:45:00,
2026/08/25 22:50:00,
2026/08/25 22:55:00,
2026/08/25 23:00:00,
2026/08/25 23:05:00,
2026/08/25 23:10:00,
2026/08/25 23:15:00,
2026/08/25 23:20:00,
2026/08/25 23:25:00,
2026/08/25 23:30:00,
2026/08/25 23:35:00,
2026/08/25 23:40:00,
2026/08/25 23:45:00,
2026/08/25 23:50:00,
2026/08/25 23:55:00,
2026/08/26 00:00:00,
2026/08/26 00:05:00,
2026/08/26 00:10:00,
2026/08/26 00:15:00,
2026/08/26 00:20:00,
2026/08/26 00:25:00,
2026/08/26 00:30:00,
2026/08/26 00:35:00,
2026/08/26 00:40:00,
2026/08/26 00:45:00,
2026/08/26 00:50:00,
2026/08/26 00:55:00,
2026/08/26 01:00:00,
2026/08/26 01:05:00,
2026/08/26 01:10:00,
2026/08/26 01:15:00,
2026/08/26 01:20:00,
2026/08/26 01:25:00,
2026/08/26 01:30:00,
2026/08/26 01:35:00,
2026/08/26 01:40:00,
2026/08/26 01:45:00,
2026/08/26 01:50:00,
2026/08/26 01:55:00,
2026/08/26 02:00:00,
2026/08/26 02:05:00,
2026/08/26 02:10:00,
2026/08/26 02:15:00,
2026/08/26 02:20:00,
2026/08/26 02:25:00,
2026/08/26 02:30:00,
2026/08/26 02:35:00,
2026/08/26 02:40:00,
2026/08/26 02:45:00,
2026/08/26 02:50:00,
2026/08/26 02:55:00,
2026/08/26 03:00:00,
2026/08/26 03:05:00,
2026/08/26 03:10:00,
2026/08/26 03:15:00,
2026/08/26 03:20:00,
2026/08/26 03:25:00,
2026/08/26 03:30:00,
2026/08/26 03:35:00,
2026/08/26 03:40:00,
2026/08/26 03:45:00,
2026/08/26 03:50:00,
2026/08/26 03:55:00,
2026/08/26 04:00:00,
2026/08/26 04:05:00,
2026/08/26 04:10:00,
2026/08/26 04:15:00,
2026/08/26 04:20:00,
2026/08/26 04:25:00,
2026/08/26 04:30:00,
2026/08/26 04:35:00,
2026/08/26 04:40:00,
2026/08/26 04:45:00,
2026/08/26 04:50:00,
2026/08/26 04:55:00,
2026/08/26 05:00:00,
2026/08/26 05:05:00,
2026/08/26 05:10:00,
2026/08/26 05:15:00,
2026/08/26 05:20:00,
2026/08/26 05:25:00,
2026/08/26 05:30:00,
2026/08/26 05:35:00,
2026/08/26 05:40:00,
2026/08/26 05:45:00,
2026/08/26 05:50:00,
2026/08/26 05:55:00,
2026/08/26 06:00:00,
2026/08/26 06:05:00,
2026/08/26 06:10:00,
2026/08/26 06:15:00,
2026/08/26 06:20:00,
2026/08/26 06:25:00,
2026/08/26 06:30:00,
2026/08/26 06:35:00,
2026/08/26 06:40:00,
2026/08/26 06:45:00,
2026/08/26 06:50:00,
2026/08/26 06:55:00,
2026/08/26 07:00:00,
2026/08/26 07:05:00,
2026/08/26 07:10:00,
2026/08/26 07:15:00,
2026/08/26 07:20:00,
2026/08/26 07:25:00,
2026/08/26 07:30:00,0.0005638065918948
2026/08/26 07:35:00,2.8578242786427395
2026/08/26 07:40:00,0.20750720846108064
2026/08/26 07:45:00,0.17416481251479493
2026/08/26 07:50:00,0.17163519605994354
2026/08/26 07:55:00,0.5812045175994075
2026/08/26 08:00:00,0.1549981576635993
2026/08/26 08:05:00,0.24250474095199942
2026/08/26 08:10:00,0.26502203109097966
2026/08/26 08:15:00,0.20494705763416682
2026/08/26 08:20:00,0.1633415707539342
2026/08/26 08:25:00,0.1450003124048954
2026/08/26 08:30:00,0.15247997088059925
2026/08/26 08:35:00,0.15248594411902758
2026/08/26 08:40:00,0.15335319960905297
2026/08/26 08:45:00,0.1558437682778906
2026/08/26 08:50:00,0.1500067643283513
2026/08/26 08:55:00,0.14581597357826828
2026/08/26 09:00:00,0.16501326469891345
2026/08/26 09:05:00,0.154982893944804
2026/08/26 09:10:00,0.15248641370920737
2026/08/26 09:15:00,0.18751713709360174
2026/08/26 09:20:00,0.20916143139544263
2026/08/26 09:25:00,0.1624966317575072
2026/08/26 09:30:00,0.15834577764356247
2026/08/26 09:35:00,0.16000504713083147
2026/08/26 09:40:00,0.1541601197754233
2026/08/26 09:45:00,0.14581734988469816
2026/08/26 09:50:00,0.15751673726584864
2026/08/26 09:55:00,0.16167025666337081
2026/08/26 10:00:00,0.15085140447802742
2026/08/26 10:05:00,0.14913559508594865
2026/08/26 10:10:00,0.1533457896284004
2026/08/26 10:15:00,0.14916717676621022
2026/08/26 10:20:00,0.15833203410523722
2026/08/26 10:25:00,0.15665899499481958
2026/08/26 10:30:00,0.15501620323608328
2026/08/26 10:35:00,0.15251177272286012
2026/08/26 10:40:00,0.16829345416102182
2026/08/26 10:45:00,0.14753470795875945
2026/08/26 10:50:00,0.15331946879247182
2026/08/26 10:55:00,0.14751124837027527
2026/08/26 11:00:00,0.15748224434060262
2026/08/26 11:05:00,0.17248755806183586
2026/08/26 11:10:00,0.15252060445589904
2026/08/26 11:15:00,0.14748345224912274
2026/08/26 11:20:00,0.1608601490990374
2026/08/26 11:25:00,0.146651502413575
2026/08/26 11:30:00,0.15250942049490968
2026/08/26 11:35:00,0.679960612199636
2026/08/26 11:40:00,0.16418413193770967
2026/08/26 11:45:00,0.16002389599391817